{
  "steps": [
    500,
    1000,
    1500,
    2000,
    2500
  ],
  "train_loss": [
    1.8913943767547607,
    1.3483399152755737,
    1.154625415802002,
    0.972215473651886,
    0.9776790738105774
  ],
  "val_loss": [
    1.8126692986488342,
    1.3790624141693115,
    1.1355756402015686,
    1.0331846797466278,
    0.9891442596912384
  ],
  "lr": [
    0.0002994,
    0.0002981661167872657,
    0.0002926998164284317,
    0.0002837501979660068,
    0.00027156138366173175
  ]
}